Pillar,Dataset,Content,Status,Note
EC1 — Reef extent,Sentinel-2A imagery (Sen2Cor/SNAP),"Corrected reflectance, depth-invariant index (Lyzenga)",Publishable,"Primary source, standard processing, undisputed."
EC1 — Reef extent,Resultat.shp,"Raw benthic classification output — 9 classifier layers (DTCX, RTCX, KNNSG, SVMSG, etc.)",Blocked,Not harmonised. Amoros denies having produced DTCX/RTCX and SVMSG (July 2026) — disagreement with the file's own content unresolved.
EC1 — Reef extent,Resultat_v2_nettoye.xlsx,Cleanup attempt of Resultat.shp,Discarded,"~770,000 ha, ~7x the canonical area, class composition inverted. Confirmed unusable."
EC1 — Reef extent,Reef_extent_SW_Mada_OASISM.csv / Reef_extent.shp,Canonical validated extent layer,Pilot,"111,544 ha, validated to within 0.006% after deduplication. Serves as the pipeline's reference baseline."
EC1 — Reef extent,Allen Coral Atlas (2021),External baseline outside the Grand Récif de Toliara (GRT),Publishable (external),"Used by Amoros for the area outside the GRT (Morombe–Ambohibola), 5 m resolution (Planet)."
EC1 — Reef extent,Nomenisoa et al. (2021),"Local benthic mapping, GRT area",Publishable (external),Used by Amoros as the 2021 reference within the Grand Récif de Toliara.
EC1 — Reef extent,"Classifier validation sample (1,822 points)",Training + test points for the KNN classification,Blocked,"1,437/1,822 (79%) are training points reused for validation. OA=95.77%/Kappa=0.8899 are not independent of training."
EC1 — Reef extent,Georeferenced CPCe photoquadrats,Reference benthic composition (classifier calibration/validation),Pilot,Feeds both EC1 (validation) and EC3 (benthic condition).
EC3 — Fish condition,Raw fish UVC CSVs (flat convention),"Counts per transect, 1 village = 1 site convention",Discarded as a convention,Distorted the true number of sites; replaced by the canonical 26-site / 86-station hierarchy.
EC3 — Fish condition,Precomputed biomass table (Laza),"Biomass per station, canonical Site→Station hierarchy",Publishable,"Adopted as the canonical source. Corrected biomass 367.3 kg/ha (zone, unweighted mean), below the WIO threshold of 600 kg/ha (McClanahan et al. 2016)."
EC3 — Fish condition,FishBase allometric coefficients (W=aLᵇ),"Species-specific a, b parameters",Pilot,"Two species (Chaetodon vagabundus, Ostracion cubicus) still to be checked against FishBase."
EC3 — Fish condition,Species richness per station,"227 cumulative species, 38 families",Publishable,"58.4 spp./station on average, below the WIO regional median of 117 (Samoilys et al. 2019)."
EC3 — Invertebrate condition,Invertebres_OASIS-M_normalise.xlsx,"Post-QA normalised version, 323 rows",Pilot (intermediate),Working base prior to finalisation of condition indices.
EC3 — Invertebrate condition,IC_Invertebres_OASIS-M_v2_corrige.xlsx,"Finalised condition indices by zone (urchin, clam, COTS), traced methodological log",Pilot,IC_urchin ranges from 0.03 (Teariake) to 1.00 (Velondriake). IC_clam capped at 1.0 in every zone — a documented limit of the reference value (Apte et al. 2010).
EC3 — Invertebrate condition,Acanthaster-Tridacna Coordo modifier.xlsx,Georeferenced occurrences of A. planci (4) and T. maxima (47),Pilot,"A. planci confined to Paysage Mahafaly (3 sites). T. maxima present across all 6 zones, 19 sites."
EC3 — Invertebrate condition,Hierarchie_Zones_Ecologiques_Sites_Stations.xlsx,"Canonical zone→site→station table (33 rows, 7 zones incl. 1 unassigned)",Publishable,"Reference table for the whole condition pipeline. Does not include Ratafenjika, Nosy Satra, Befasy, Ankaramifioky."
EC3 — Invertebrate condition,Urchin sampling area,50 m²/transect retained; 250 m² stated by Laza,To be resolved,"Unresolved gap between Laza's written answer and the protocol documented in the extent reports. Current calculation retains 50 m² on biological plausibility grounds, not on Laza's confirmation."
EC3 — Invertebrate condition,"Unassigned zones (Nosy Satra, Befasy, Ambohibola, Tanilahy)",Rows with no confirmed ecological zone,Blocked (fieldwork closed),Documentary search unsuccessful. Fieldwork closed — not resolvable through new collection.
EC3 — Invertebrate condition,GPS coordinates (invertebrate layer),~85% of rows without coordinates; inconsistent correction factor,Blocked (partial),Fragile for the Eolomotsy/Fitsitika station; correction formula not generalised beyond qaqc_poissons().
EC3 — Benthic habitat condition,Coral/algae/rubble cover per site,Site x Year cover classes required for Pillar 3,Blocked (PENDING),"No Site x Year data available. The Sentinel-2 classification (Resultat.shp) feeds extent, not site-level condition, and carries the same area defect."
Pillar 2 — Households and fisheries,Household survey wave 1 (VF1),"377 households, Toliara II only, Nov 2025, single-trip recall",Blocked (limited use),"Instrument confound confirmed against VF2 (Mann-Whitney, p=1.7e-6 at Efoetse). Retained as descriptive only."
Pillar 2 — Households and fisheries,Household survey wave 2 (VF2),"525 households, 3 districts, Jan 2026, 7-day diary",Pilot,Instrument retained as the reference for informal CPUE/GVA. Commune→district crosswalk and gear-level effort still missing.
Pillar 2 — Households and fisheries,Fishers/canoes/gear census (Faustinato),"13,672 fishers, 8,508 canoes, 21 communes",Publishable,"Compiled data directly usable, not an estimate in progress."
Pillar 2 — Households and fisheries,BDD_Mada_Fishery_Catch_SW.csv,"Cleaned, reshaped catch data (long format, zero-catch, inconsistency log)",Pilot,"Rotating cross-sectional design (not a panel); each village observed 1–2 times, limiting CPUE trend analysis."
Pillar 2 — Households and fisheries,DRPEB Atsimo Andrefana,"Landings and marketing data, 2009–2024",Proxy — uncalibrated,Raw series not yet aggregated to a single reference year; overlap with customs data not verified.
Pillar 2 — Households and fisheries,Customs (import/export),"Fisheries, mining, agricultural, petroleum, equipment products, 2022–Oct 2025",Proxy — uncalibrated,Verify non-overlap with DRPEB before summing into formal fisheries GVA.
Pillar 2 — Households and fisheries,SW25 (Blue Ventures),"Landings, external cross-checking dataset",Blocked,"588 duplicated rows, outliers up to 43,500 kg/trip. Escalation required to Blue Ventures, no internal correction."
Pillar 2 — Tourism and dependent sectors,INSTAT Tourism Toliara,"Number of hotels, restaurants, employees",Proxy — uncalibrated,"Headcounts, no turnover figures; year not specified in the project files."
Pillar 2 — Tourism and dependent sectors,Tourism/transport δ coefficient,Ocean-attributable share of the tourism and transport sectors,Blocked,Phase 1 (spatial proxy) not launched; Phase 2 (primary survey) not budgeted.
Pillar 3 — Institutional and governance,MPA/LMMA table (Faustinato),"Area by MPA (Nosy Ve Androka, Ranobe Bay) and LMMA (Velondriake, Soariake)",Blocked (incomplete content),Referenced in the summary report but the value cells are not filled in in the documents available.
Pillar 3 — Institutional and governance,Effort/CPUE table by village (Faustinato),21 villages classified MPA/non-MPA,Blocked (empty),Effort and CPUE columns empty in the available file — to be obtained from Faustinato before any CPUE-by-governance-regime calculation.
Pillar 3 — Institutional and governance,Site–WDPA (extent-protected-area),Linking UVC sites to protected areas,Blocked,"Depends on the commune→district crosswalk (Level 3), not available at this stage."
Valuation reference set,Benefit-transfer unit values,"Coral/Algae 87,000; Seagrass 20,000; Sand 500; Rubble 2,000; Rock 1,500 (USD/ha/yr)",Publishable (external),Costanza et al. 2014; Brander et al. 2012; Nordlund et al. 2016; UNEP 2020. WIO context under-represented in the source literature — a ±50% sensitivity band is recommended.
Valuation reference set,MPEB statistical yearbook 2022,Share of the fisheries sector in national GDP: 3.20%,Publishable (external),Retained in preference to competing values (7% World Bank 2020; 5%; 4.8% FAO).
Valuation reference set,Barnes-Mauthe et al. (2013),"Post-landing cost structure, Vezo fishery",Publishable (external),Underpins the resource-rent valuation assumption (Case A) for services-provisionning and the MECA.
